CATEGORY,INTEREST
Food and Drink,General
Food and Drink,Cooking
Food and Drink,Fine Dining
Food and Drink,Street Food
Food and Drink,Coffee
Food and Drink,Wine
Food and Drink,Craft Beer
Food and Drink,Local Cuisine
Outdoor Activities,General
Outdoor Activities,Cycling
Outdoor Activities,Hiking
Outdoor Activities,Climbing
Outdoor Activities,Gardening
Arts and Culture,General
Arts and Culture,Photography
Arts and Culture,Film and Television
Arts and Culture,Music
Arts and Culture,Theatre
Arts and Culture,History
Arts and Culture,Art
Arts and Culture,Architecture
Arts and Culture,Comedy
Arts and Culture,Dancing
Arts and Culture,Literature
Sports,General
Sports,Soccer
Sports,Tennis
Sports,Rugby
Sports,American Football
Sports,Basketball
Sports,Baseball
